origin_iata,origin_city,destination_iata,destination_city,outbound_date,inbound_date,total_price,link
WMI,Warszawa Modlin,TFS,Teneryfa Południe,2026-12-12,2026-12-15,917.28,https://www.ryanair.com/pl/pl/trip/flights/select?adults=1&teens=0&children=0&infants=0&dateOut=2026-12-12&dateIn=2026-12-15&isConnectedFlight=false&discount=0&promoCode=&isReturn=true&originIata=WMI&destinationIata=TFS&tpAdults=1&tpTeens=0&tpChildren=0&tpInfants=0&tpStartDate=2026-12-12&tpEndDate=2026-12-15&tpDiscount=0&tpPromoCode=&tpOriginIata=WMI&tpDestinationIata=TFS
WMI,Warszawa Modlin,TFS,Teneryfa Południe,2026-12-13,2026-12-14,717.26,https://www.ryanair.com/pl/pl/trip/flights/select?adults=1&teens=0&children=0&infants=0&dateOut=2026-12-13&dateIn=2026-12-14&isConnectedFlight=false&discount=0&promoCode=&isReturn=true&originIata=WMI&destinationIata=TFS&tpAdults=1&tpTeens=0&tpChildren=0&tpInfants=0&tpStartDate=2026-12-13&tpEndDate=2026-12-14&tpDiscount=0&tpPromoCode=&tpOriginIata=WMI&tpDestinationIata=TFS
WMI,Warszawa Modlin,TFS,Teneryfa Południe,2026-12-13,2026-12-15,809.97,https://www.ryanair.com/pl/pl/trip/flights/select?adults=1&teens=0&children=0&infants=0&dateOut=2026-12-13&dateIn=2026-12-15&isConnectedFlight=false&discount=0&promoCode=&isReturn=true&originIata=WMI&destinationIata=TFS&tpAdults=1&tpTeens=0&tpChildren=0&tpInfants=0&tpStartDate=2026-12-13&tpEndDate=2026-12-15&tpDiscount=0&tpPromoCode=&tpOriginIata=WMI&tpDestinationIata=TFS
POZ,Poznań,AGP,Malaga,2026-12-26,2026-12-28,1201.52,https://www.ryanair.com/pl/pl/trip/flights/select?adults=1&teens=0&children=0&infants=0&dateOut=2026-12-26&dateIn=2026-12-28&isConnectedFlight=false&discount=0&promoCode=&isReturn=true&originIata=POZ&destinationIata=AGP&tpAdults=1&tpTeens=0&tpChildren=0&tpInfants=0&tpStartDate=2026-12-26&tpEndDate=2026-12-28&tpDiscount=0&tpPromoCode=&tpOriginIata=POZ&tpDestinationIata=AGP
WMI,Warszawa Modlin,TFS,Teneryfa Południe,2026-12-14,2026-12-15,852.9100000000001,https://www.ryanair.com/pl/pl/trip/flights/select?adults=1&teens=0&children=0&infants=0&dateOut=2026-12-14&dateIn=2026-12-15&isConnectedFlight=false&discount=0&promoCode=&isReturn=true&originIata=WMI&destinationIata=TFS&tpAdults=1&tpTeens=0&tpChildren=0&tpInfants=0&tpStartDate=2026-12-14&tpEndDate=2026-12-15&tpDiscount=0&tpPromoCode=&tpOriginIata=WMI&tpDestinationIata=TFS
WMI,Warszawa Modlin,TFS,Teneryfa Południe,2026-12-14,2026-12-17,768.94,https://www.ryanair.com/pl/pl/trip/flights/select?adults=1&teens=0&children=0&infants=0&dateOut=2026-12-14&dateIn=2026-12-17&isConnectedFlight=false&discount=0&promoCode=&isReturn=true&originIata=WMI&destinationIata=TFS&tpAdults=1&tpTeens=0&tpChildren=0&tpInfants=0&tpStartDate=2026-12-14&tpEndDate=2026-12-17&tpDiscount=0&tpPromoCode=&tpOriginIata=WMI&tpDestinationIata=TFS
WMI,Warszawa Modlin,TFS,Teneryfa Południe,2026-12-15,2026-12-17,790.54,https://www.ryanair.com/pl/pl/trip/flights/select?adults=1&teens=0&children=0&infants=0&dateOut=2026-12-15&dateIn=2026-12-17&isConnectedFlight=false&discount=0&promoCode=&isReturn=true&originIata=WMI&destinationIata=TFS&tpAdults=1&tpTeens=0&tpChildren=0&tpInfants=0&tpStartDate=2026-12-15&tpEndDate=2026-12-17&tpDiscount=0&tpPromoCode=&tpOriginIata=WMI&tpDestinationIata=TFS
WMI,Warszawa Modlin,TFS,Teneryfa Południe,2026-12-15,2026-12-18,712.64,https://www.ryanair.com/pl/pl/trip/flights/select?adults=1&teens=0&children=0&infants=0&dateOut=2026-12-15&dateIn=2026-12-18&isConnectedFlight=false&discount=0&promoCode=&isReturn=true&originIata=WMI&destinationIata=TFS&tpAdults=1&tpTeens=0&tpChildren=0&tpInfants=0&tpStartDate=2026-12-15&tpEndDate=2026-12-18&tpDiscount=0&tpPromoCode=&tpOriginIata=WMI&tpDestinationIata=TFS
POZ,Poznań,AGP,Malaga,2026-12-26,2026-12-29,1105.29,https://www.ryanair.com/pl/pl/trip/flights/select?adults=1&teens=0&children=0&infants=0&dateOut=2026-12-26&dateIn=2026-12-29&isConnectedFlight=false&discount=0&promoCode=&isReturn=true&originIata=POZ&destinationIata=AGP&tpAdults=1&tpTeens=0&tpChildren=0&tpInfants=0&tpStartDate=2026-12-26&tpEndDate=2026-12-29&tpDiscount=0&tpPromoCode=&tpOriginIata=POZ&tpDestinationIata=AGP
WMI,Warszawa Modlin,TFS,Teneryfa Południe,2026-12-17,2026-12-18,989.97,https://www.ryanair.com/pl/pl/trip/flights/select?adults=1&teens=0&children=0&infants=0&dateOut=2026-12-17&dateIn=2026-12-18&isConnectedFlight=false&discount=0&promoCode=&isReturn=true&originIata=WMI&destinationIata=TFS&tpAdults=1&tpTeens=0&tpChildren=0&tpInfants=0&tpStartDate=2026-12-17&tpEndDate=2026-12-18&tpDiscount=0&tpPromoCode=&tpOriginIata=WMI&tpDestinationIata=TFS
WMI,Warszawa Modlin,TFS,Teneryfa Południe,2026-12-17,2026-12-19,1063.5,https://www.ryanair.com/pl/pl/trip/flights/select?adults=1&teens=0&children=0&infants=0&dateOut=2026-12-17&dateIn=2026-12-19&isConnectedFlight=false&discount=0&promoCode=&isReturn=true&originIata=WMI&destinationIata=TFS&tpAdults=1&tpTeens=0&tpChildren=0&tpInfants=0&tpStartDate=2026-12-17&tpEndDate=2026-12-19&tpDiscount=0&tpPromoCode=&tpOriginIata=WMI&tpDestinationIata=TFS
WMI,Warszawa Modlin,TFS,Teneryfa Południe,2026-12-17,2026-12-20,1054.51,https://www.ryanair.com/pl/pl/trip/flights/select?adults=1&teens=0&children=0&infants=0&dateOut=2026-12-17&dateIn=2026-12-20&isConnectedFlight=false&discount=0&promoCode=&isReturn=true&originIata=WMI&destinationIata=TFS&tpAdults=1&tpTeens=0&tpChildren=0&tpInfants=0&tpStartDate=2026-12-17&tpEndDate=2026-12-20&tpDiscount=0&tpPromoCode=&tpOriginIata=WMI&tpDestinationIata=TFS
WMI,Warszawa Modlin,TFS,Teneryfa Południe,2026-12-18,2026-12-19,1223.27,https://www.ryanair.com/pl/pl/trip/flights/select?adults=1&teens=0&children=0&infants=0&dateOut=2026-12-18&dateIn=2026-12-19&isConnectedFlight=false&discount=0&promoCode=&isReturn=true&originIata=WMI&destinationIata=TFS&tpAdults=1&tpTeens=0&tpChildren=0&tpInfants=0&tpStartDate=2026-12-18&tpEndDate=2026-12-19&tpDiscount=0&tpPromoCode=&tpOriginIata=WMI&tpDestinationIata=TFS
POZ,Poznań,AGP,Malaga,2026-12-27,2026-12-28,1074.31,https://www.ryanair.com/pl/pl/trip/flights/select?adults=1&teens=0&children=0&infants=0&dateOut=2026-12-27&dateIn=2026-12-28&isConnectedFlight=false&discount=0&promoCode=&isReturn=true&originIata=POZ&destinationIata=AGP&tpAdults=1&tpTeens=0&tpChildren=0&tpInfants=0&tpStartDate=2026-12-27&tpEndDate=2026-12-28&tpDiscount=0&tpPromoCode=&tpOriginIata=POZ&tpDestinationIata=AGP
WMI,Warszawa Modlin,TFS,Teneryfa Południe,2026-12-18,2026-12-20,1214.28,https://www.ryanair.com/pl/pl/trip/flights/select?adults=1&teens=0&children=0&infants=0&dateOut=2026-12-18&dateIn=2026-12-20&isConnectedFlight=false&discount=0&promoCode=&isReturn=true&originIata=WMI&destinationIata=TFS&tpAdults=1&tpTeens=0&tpChildren=0&tpInfants=0&tpStartDate=2026-12-18&tpEndDate=2026-12-20&tpDiscount=0&tpPromoCode=&tpOriginIata=WMI&tpDestinationIata=TFS
POZ,Poznań,BVA,Paryż Beauvais,2026-11-22,2026-11-23,311.08000000000004,https://www.ryanair.com/pl/pl/trip/flights/select?adults=1&teens=0&children=0&infants=0&dateOut=2026-11-22&dateIn=2026-11-23&isConnectedFlight=false&discount=0&promoCode=&isReturn=true&originIata=POZ&destinationIata=BVA&tpAdults=1&tpTeens=0&tpChildren=0&tpInfants=0&tpStartDate=2026-11-22&tpEndDate=2026-11-23&tpDiscount=0&tpPromoCode=&tpOriginIata=POZ&tpDestinationIata=BVA
WMI,Warszawa Modlin,TFS,Teneryfa Południe,2026-12-18,2026-12-21,1148.78,https://www.ryanair.com/pl/pl/trip/flights/select?adults=1&teens=0&children=0&infants=0&dateOut=2026-12-18&dateIn=2026-12-21&isConnectedFlight=false&discount=0&promoCode=&isReturn=true&originIata=WMI&destinationIata=TFS&tpAdults=1&tpTeens=0&tpChildren=0&tpInfants=0&tpStartDate=2026-12-18&tpEndDate=2026-12-21&tpDiscount=0&tpPromoCode=&tpOriginIata=WMI&tpDestinationIata=TFS
WMI,Warszawa Modlin,TFS,Teneryfa Południe,2026-12-19,2026-12-20,1231.32,https://www.ryanair.com/pl/pl/trip/flights/select?adults=1&teens=0&children=0&infants=0&dateOut=2026-12-19&dateIn=2026-12-20&isConnectedFlight=false&discount=0&promoCode=&isReturn=true&originIata=WMI&destinationIata=TFS&tpAdults=1&tpTeens=0&tpChildren=0&tpInfants=0&tpStartDate=2026-12-19&tpEndDate=2026-12-20&tpDiscount=0&tpPromoCode=&tpOriginIata=WMI&tpDestinationIata=TFS
WMI,Warszawa Modlin,TFS,Teneryfa Południe,2026-12-19,2026-12-21,1165.82,https://www.ryanair.com/pl/pl/trip/flights/select?adults=1&teens=0&children=0&infants=0&dateOut=2026-12-19&dateIn=2026-12-21&isConnectedFlight=false&discount=0&promoCode=&isReturn=true&originIata=WMI&destinationIata=TFS&tpAdults=1&tpTeens=0&tpChildren=0&tpInfants=0&tpStartDate=2026-12-19&tpEndDate=2026-12-21&tpDiscount=0&tpPromoCode=&tpOriginIata=WMI&tpDestinationIata=TFS
WMI,Warszawa Modlin,TFS,Teneryfa Południe,2026-12-19,2026-12-22,1265.65,https://www.ryanair.com/pl/pl/trip/flights/select?adults=1&teens=0&children=0&infants=0&dateOut=2026-12-19&dateIn=2026-12-22&isConnectedFlight=false&discount=0&promoCode=&isReturn=true&originIata=WMI&destinationIata=TFS&tpAdults=1&tpTeens=0&tpChildren=0&tpInfants=0&tpStartDate=2026-12-19&tpEndDate=2026-12-22&tpDiscount=0&tpPromoCode=&tpOriginIata=WMI&tpDestinationIata=TFS
POZ,Poznań,AGP,Malaga,2026-12-27,2026-12-29,978.08,https://www.ryanair.com/pl/pl/trip/flights/select?adults=1&teens=0&children=0&infants=0&dateOut=2026-12-27&dateIn=2026-12-29&isConnectedFlight=false&discount=0&promoCode=&isReturn=true&originIata=POZ&destinationIata=AGP&tpAdults=1&tpTeens=0&tpChildren=0&tpInfants=0&tpStartDate=2026-12-27&tpEndDate=2026-12-29&tpDiscount=0&tpPromoCode=&tpOriginIata=POZ&tpDestinationIata=AGP
WMI,Warszawa Modlin,TFS,Teneryfa Południe,2026-12-20,2026-12-21,1144.51,https://www.ryanair.com/pl/pl/trip/flights/select?adults=1&teens=0&children=0&infants=0&dateOut=2026-12-20&dateIn=2026-12-21&isConnectedFlight=false&discount=0&promoCode=&isReturn=true&originIata=WMI&destinationIata=TFS&tpAdults=1&tpTeens=0&tpChildren=0&tpInfants=0&tpStartDate=2026-12-20&tpEndDate=2026-12-21&tpDiscount=0&tpPromoCode=&tpOriginIata=WMI&tpDestinationIata=TFS
WMI,Warszawa Modlin,TFS,Teneryfa Południe,2026-12-20,2026-12-22,1244.34,https://www.ryanair.com/pl/pl/trip/flights/select?adults=1&teens=0&children=0&infants=0&dateOut=2026-12-20&dateIn=2026-12-22&isConnectedFlight=false&discount=0&promoCode=&isReturn=true&originIata=WMI&destinationIata=TFS&tpAdults=1&tpTeens=0&tpChildren=0&tpInfants=0&tpStartDate=2026-12-20&tpEndDate=2026-12-22&tpDiscount=0&tpPromoCode=&tpOriginIata=WMI&tpDestinationIata=TFS
WMI,Warszawa Modlin,TFS,Teneryfa Południe,2026-12-20,2026-12-23,1157.83,https://www.ryanair.com/pl/pl/trip/flights/select?adults=1&teens=0&children=0&infants=0&dateOut=2026-12-20&dateIn=2026-12-23&isConnectedFlight=false&discount=0&promoCode=&isReturn=true&originIata=WMI&destinationIata=TFS&tpAdults=1&tpTeens=0&tpChildren=0&tpInfants=0&tpStartDate=2026-12-20&tpEndDate=2026-12-23&tpDiscount=0&tpPromoCode=&tpOriginIata=WMI&tpDestinationIata=TFS
WMI,Warszawa Modlin,TFS,Teneryfa Południe,2026-12-21,2026-12-22,1288.04,https://www.ryanair.com/pl/pl/trip/flights/select?adults=1&teens=0&children=0&infants=0&dateOut=2026-12-21&dateIn=2026-12-22&isConnectedFlight=false&discount=0&promoCode=&isReturn=true&originIata=WMI&destinationIata=TFS&tpAdults=1&tpTeens=0&tpChildren=0&tpInfants=0&tpStartDate=2026-12-21&tpEndDate=2026-12-22&tpDiscount=0&tpPromoCode=&tpOriginIata=WMI&tpDestinationIata=TFS
WMI,Warszawa Modlin,TFS,Teneryfa Południe,2026-12-21,2026-12-23,1201.53,https://www.ryanair.com/pl/pl/trip/flights/select?adults=1&teens=0&children=0&infants=0&dateOut=2026-12-21&dateIn=2026-12-23&isConnectedFlight=false&discount=0&promoCode=&isReturn=true&originIata=WMI&destinationIata=TFS&tpAdults=1&tpTeens=0&tpChildren=0&tpInfants=0&tpStartDate=2026-12-21&tpEndDate=2026-12-23&tpDiscount=0&tpPromoCode=&tpOriginIata=WMI&tpDestinationIata=TFS
POZ,Poznań,AGP,Malaga,2026-12-27,2026-12-30,950.64,https://www.ryanair.com/pl/pl/trip/flights/select?adults=1&teens=0&children=0&infants=0&dateOut=2026-12-27&dateIn=2026-12-30&isConnectedFlight=false&discount=0&promoCode=&isReturn=true&originIata=POZ&destinationIata=AGP&tpAdults=1&tpTeens=0&tpChildren=0&tpInfants=0&tpStartDate=2026-12-27&tpEndDate=2026-12-30&tpDiscount=0&tpPromoCode=&tpOriginIata=POZ&tpDestinationIata=AGP
WMI,Warszawa Modlin,TFS,Teneryfa Południe,2026-12-22,2026-12-23,1052.51,https://www.ryanair.com/pl/pl/trip/flights/select?adults=1&teens=0&children=0&infants=0&dateOut=2026-12-22&dateIn=2026-12-23&isConnectedFlight=false&discount=0&promoCode=&isReturn=true&originIata=WMI&destinationIata=TFS&tpAdults=1&tpTeens=0&tpChildren=0&tpInfants=0&tpStartDate=2026-12-22&tpEndDate=2026-12-23&tpDiscount=0&tpPromoCode=&tpOriginIata=WMI&tpDestinationIata=TFS
POZ,Poznań,AGP,Malaga,2026-12-28,2026-12-29,707.34,https://www.ryanair.com/pl/pl/trip/flights/select?adults=1&teens=0&children=0&infants=0&dateOut=2026-12-28&dateIn=2026-12-29&isConnectedFlight=false&discount=0&promoCode=&isReturn=true&originIata=POZ&destinationIata=AGP&tpAdults=1&tpTeens=0&tpChildren=0&tpInfants=0&tpStartDate=2026-12-28&tpEndDate=2026-12-29&tpDiscount=0&tpPromoCode=&tpOriginIata=POZ&tpDestinationIata=AGP
WMI,Warszawa Modlin,TFS,Teneryfa Południe,2026-12-23,2026-12-26,1482.7199999999998,https://www.ryanair.com/pl/pl/trip/flights/select?adults=1&teens=0&children=0&infants=0&dateOut=2026-12-23&dateIn=2026-12-26&isConnectedFlight=false&discount=0&promoCode=&isReturn=true&originIata=WMI&destinationIata=TFS&tpAdults=1&tpTeens=0&tpChildren=0&tpInfants=0&tpStartDate=2026-12-23&tpEndDate=2026-12-26&tpDiscount=0&tpPromoCode=&tpOriginIata=WMI&tpDestinationIata=TFS
POZ,Poznań,AGP,Malaga,2026-12-28,2026-12-30,679.9,https://www.ryanair.com/pl/pl/trip/flights/select?adults=1&teens=0&children=0&infants=0&dateOut=2026-12-28&dateIn=2026-12-30&isConnectedFlight=false&discount=0&promoCode=&isReturn=true&originIata=POZ&destinationIata=AGP&tpAdults=1&tpTeens=0&tpChildren=0&tpInfants=0&tpStartDate=2026-12-28&tpEndDate=2026-12-30&tpDiscount=0&tpPromoCode=&tpOriginIata=POZ&tpDestinationIata=AGP
WMI,Warszawa Modlin,TFS,Teneryfa Południe,2026-12-26,2026-12-27,1681.0900000000001,https://www.ryanair.com/pl/pl/trip/flights/select?adults=1&teens=0&children=0&infants=0&dateOut=2026-12-26&dateIn=2026-12-27&isConnectedFlight=false&discount=0&promoCode=&isReturn=true&originIata=WMI&destinationIata=TFS&tpAdults=1&tpTeens=0&tpChildren=0&tpInfants=0&tpStartDate=2026-12-26&tpEndDate=2026-12-27&tpDiscount=0&tpPromoCode=&tpOriginIata=WMI&tpDestinationIata=TFS
WMI,Warszawa Modlin,TFS,Teneryfa Południe,2026-12-26,2026-12-28,1615.88,https://www.ryanair.com/pl/pl/trip/flights/select?adults=1&teens=0&children=0&infants=0&dateOut=2026-12-26&dateIn=2026-12-28&isConnectedFlight=false&discount=0&promoCode=&isReturn=true&originIata=WMI&destinationIata=TFS&tpAdults=1&tpTeens=0&tpChildren=0&tpInfants=0&tpStartDate=2026-12-26&tpEndDate=2026-12-28&tpDiscount=0&tpPromoCode=&tpOriginIata=WMI&tpDestinationIata=TFS
POZ,Poznań,AGP,Malaga,2026-12-28,2026-12-31,746.61,https://www.ryanair.com/pl/pl/trip/flights/select?adults=1&teens=0&children=0&infants=0&dateOut=2026-12-28&dateIn=2026-12-31&isConnectedFlight=false&discount=0&promoCode=&isReturn=true&originIata=POZ&destinationIata=AGP&tpAdults=1&tpTeens=0&tpChildren=0&tpInfants=0&tpStartDate=2026-12-28&tpEndDate=2026-12-31&tpDiscount=0&tpPromoCode=&tpOriginIata=POZ&tpDestinationIata=AGP
WMI,Warszawa Modlin,TFS,Teneryfa Południe,2026-12-26,2026-12-29,1638.12,https://www.ryanair.com/pl/pl/trip/flights/select?adults=1&teens=0&children=0&infants=0&dateOut=2026-12-26&dateIn=2026-12-29&isConnectedFlight=false&discount=0&promoCode=&isReturn=true&originIata=WMI&destinationIata=TFS&tpAdults=1&tpTeens=0&tpChildren=0&tpInfants=0&tpStartDate=2026-12-26&tpEndDate=2026-12-29&tpDiscount=0&tpPromoCode=&tpOriginIata=WMI&tpDestinationIata=TFS
WMI,Warszawa Modlin,TFS,Teneryfa Południe,2026-12-27,2026-12-28,1667.5,https://www.ryanair.com/pl/pl/trip/flights/select?adults=1&teens=0&children=0&infants=0&dateOut=2026-12-27&dateIn=2026-12-28&isConnectedFlight=false&discount=0&promoCode=&isReturn=true&originIata=WMI&destinationIata=TFS&tpAdults=1&tpTeens=0&tpChildren=0&tpInfants=0&tpStartDate=2026-12-27&tpEndDate=2026-12-28&tpDiscount=0&tpPromoCode=&tpOriginIata=WMI&tpDestinationIata=TFS
WMI,Warszawa Modlin,TFS,Teneryfa Południe,2026-12-27,2026-12-29,1689.7399999999998,https://www.ryanair.com/pl/pl/trip/flights/select?adults=1&teens=0&children=0&infants=0&dateOut=2026-12-27&dateIn=2026-12-29&isConnectedFlight=false&discount=0&promoCode=&isReturn=true&originIata=WMI&destinationIata=TFS&tpAdults=1&tpTeens=0&tpChildren=0&tpInfants=0&tpStartDate=2026-12-27&tpEndDate=2026-12-29&tpDiscount=0&tpPromoCode=&tpOriginIata=WMI&tpDestinationIata=TFS
WMI,Warszawa Modlin,TFS,Teneryfa Południe,2026-12-27,2026-12-30,1683.0,https://www.ryanair.com/pl/pl/trip/flights/select?adults=1&teens=0&children=0&infants=0&dateOut=2026-12-27&dateIn=2026-12-30&isConnectedFlight=false&discount=0&promoCode=&isReturn=true&originIata=WMI&destinationIata=TFS&tpAdults=1&tpTeens=0&tpChildren=0&tpInfants=0&tpStartDate=2026-12-27&tpEndDate=2026-12-30&tpDiscount=0&tpPromoCode=&tpOriginIata=WMI&tpDestinationIata=TFS
WMI,Warszawa Modlin,TFS,Teneryfa Południe,2026-12-28,2026-12-29,1707.8400000000001,https://www.ryanair.com/pl/pl/trip/flights/select?adults=1&teens=0&children=0&infants=0&dateOut=2026-12-28&dateIn=2026-12-29&isConnectedFlight=false&discount=0&promoCode=&isReturn=true&originIata=WMI&destinationIata=TFS&tpAdults=1&tpTeens=0&tpChildren=0&tpInfants=0&tpStartDate=2026-12-28&tpEndDate=2026-12-29&tpDiscount=0&tpPromoCode=&tpOriginIata=WMI&tpDestinationIata=TFS
POZ,Poznań,AGP,Malaga,2026-12-29,2026-12-30,635.8,https://www.ryanair.com/pl/pl/trip/flights/select?adults=1&teens=0&children=0&infants=0&dateOut=2026-12-29&dateIn=2026-12-30&isConnectedFlight=false&discount=0&promoCode=&isReturn=true&originIata=POZ&destinationIata=AGP&tpAdults=1&tpTeens=0&tpChildren=0&tpInfants=0&tpStartDate=2026-12-29&tpEndDate=2026-12-30&tpDiscount=0&tpPromoCode=&tpOriginIata=POZ&tpDestinationIata=AGP
WMI,Warszawa Modlin,TFS,Teneryfa Południe,2026-12-28,2026-12-30,1701.1,https://www.ryanair.com/pl/pl/trip/flights/select?adults=1&teens=0&children=0&infants=0&dateOut=2026-12-28&dateIn=2026-12-30&isConnectedFlight=false&discount=0&promoCode=&isReturn=true&originIata=WMI&destinationIata=TFS&tpAdults=1&tpTeens=0&tpChildren=0&tpInfants=0&tpStartDate=2026-12-28&tpEndDate=2026-12-30&tpDiscount=0&tpPromoCode=&tpOriginIata=WMI&tpDestinationIata=TFS
WMI,Warszawa Modlin,TFS,Teneryfa Południe,2026-12-28,2026-12-31,1633.16,https://www.ryanair.com/pl/pl/trip/flights/select?adults=1&teens=0&children=0&infants=0&dateOut=2026-12-28&dateIn=2026-12-31&isConnectedFlight=false&discount=0&promoCode=&isReturn=true&originIata=WMI&destinationIata=TFS&tpAdults=1&tpTeens=0&tpChildren=0&tpInfants=0&tpStartDate=2026-12-28&tpEndDate=2026-12-31&tpDiscount=0&tpPromoCode=&tpOriginIata=WMI&tpDestinationIata=TFS
WMI,Warszawa Modlin,TFS,Teneryfa Południe,2026-12-29,2026-12-30,1439.12,https://www.ryanair.com/pl/pl/trip/flights/select?adults=1&teens=0&children=0&infants=0&dateOut=2026-12-29&dateIn=2026-12-30&isConnectedFlight=false&discount=0&promoCode=&isReturn=true&originIata=WMI&destinationIata=TFS&tpAdults=1&tpTeens=0&tpChildren=0&tpInfants=0&tpStartDate=2026-12-29&tpEndDate=2026-12-30&tpDiscount=0&tpPromoCode=&tpOriginIata=WMI&tpDestinationIata=TFS
WMI,Warszawa Modlin,TFS,Teneryfa Południe,2026-12-29,2026-12-31,1371.18,https://www.ryanair.com/pl/pl/trip/flights/select?adults=1&teens=0&children=0&infants=0&dateOut=2026-12-29&dateIn=2026-12-31&isConnectedFlight=false&discount=0&promoCode=&isReturn=true&originIata=WMI&destinationIata=TFS&tpAdults=1&tpTeens=0&tpChildren=0&tpInfants=0&tpStartDate=2026-12-29&tpEndDate=2026-12-31&tpDiscount=0&tpPromoCode=&tpOriginIata=WMI&tpDestinationIata=TFS
POZ,Poznań,AGP,Malaga,2026-12-29,2026-12-31,702.51,https://www.ryanair.com/pl/pl/trip/flights/select?adults=1&teens=0&children=0&infants=0&dateOut=2026-12-29&dateIn=2026-12-31&isConnectedFlight=false&discount=0&promoCode=&isReturn=true&originIata=POZ&destinationIata=AGP&tpAdults=1&tpTeens=0&tpChildren=0&tpInfants=0&tpStartDate=2026-12-29&tpEndDate=2026-12-31&tpDiscount=0&tpPromoCode=&tpOriginIata=POZ&tpDestinationIata=AGP
WMI,Warszawa Modlin,TFS,Teneryfa Południe,2026-12-30,2026-12-31,1152.6399999999999,https://www.ryanair.com/pl/pl/trip/flights/select?adults=1&teens=0&children=0&infants=0&dateOut=2026-12-30&dateIn=2026-12-31&isConnectedFlight=false&discount=0&promoCode=&isReturn=true&originIata=WMI&destinationIata=TFS&tpAdults=1&tpTeens=0&tpChildren=0&tpInfants=0&tpStartDate=2026-12-30&tpEndDate=2026-12-31&tpDiscount=0&tpPromoCode=&tpOriginIata=WMI&tpDestinationIata=TFS
POZ,Poznań,BVA,Paryż Beauvais,2026-11-27,2026-11-29,345.82,https://www.ryanair.com/pl/pl/trip/flights/select?adults=1&teens=0&children=0&infants=0&dateOut=2026-11-27&dateIn=2026-11-29&isConnectedFlight=false&discount=0&promoCode=&isReturn=true&originIata=POZ&destinationIata=BVA&tpAdults=1&tpTeens=0&tpChildren=0&tpInfants=0&tpStartDate=2026-11-27&tpEndDate=2026-11-29&tpDiscount=0&tpPromoCode=&tpOriginIata=POZ&tpDestinationIata=BVA
POZ,Poznań,BVA,Paryż Beauvais,2026-11-27,2026-11-30,503.48,https://www.ryanair.com/pl/pl/trip/flights/select?adults=1&teens=0&children=0&infants=0&dateOut=2026-11-27&dateIn=2026-11-30&isConnectedFlight=false&discount=0&promoCode=&isReturn=true&originIata=POZ&destinationIata=BVA&tpAdults=1&tpTeens=0&tpChildren=0&tpInfants=0&tpStartDate=2026-11-27&tpEndDate=2026-11-30&tpDiscount=0&tpPromoCode=&tpOriginIata=POZ&tpDestinationIata=BVA
POZ,Poznań,BVA,Paryż Beauvais,2026-11-29,2026-11-30,331.78,https://www.ryanair.com/pl/pl/trip/flights/select?adults=1&teens=0&children=0&infants=0&dateOut=2026-11-29&dateIn=2026-11-30&isConnectedFlight=false&discount=0&promoCode=&isReturn=true&originIata=POZ&destinationIata=BVA&tpAdults=1&tpTeens=0&tpChildren=0&tpInfants=0&tpStartDate=2026-11-29&tpEndDate=2026-11-30&tpDiscount=0&tpPromoCode=&tpOriginIata=POZ&tpDestinationIata=BVA
POZ,Poznań,BVA,Paryż Beauvais,2026-10-08,2026-10-09,421.36,https://www.ryanair.com/pl/pl/trip/flights/select?adults=1&teens=0&children=0&infants=0&dateOut=2026-10-08&dateIn=2026-10-09&isConnectedFlight=false&discount=0&promoCode=&isReturn=true&originIata=POZ&destinationIata=BVA&tpAdults=1&tpTeens=0&tpChildren=0&tpInfants=0&tpStartDate=2026-10-08&tpEndDate=2026-10-09&tpDiscount=0&tpPromoCode=&tpOriginIata=POZ&tpDestinationIata=BVA
POZ,Poznań,BVA,Paryż Beauvais,2026-12-04,2026-12-06,441.54,https://www.ryanair.com/pl/pl/trip/flights/select?adults=1&teens=0&children=0&infants=0&dateOut=2026-12-04&dateIn=2026-12-06&isConnectedFlight=false&discount=0&promoCode=&isReturn=true&originIata=POZ&destinationIata=BVA&tpAdults=1&tpTeens=0&tpChildren=0&tpInfants=0&tpStartDate=2026-12-04&tpEndDate=2026-12-06&tpDiscount=0&tpPromoCode=&tpOriginIata=POZ&tpDestinationIata=BVA
KTW,Katowice,STN,London Stansted,2026-09-30,2026-10-01,1426.46,https://www.ryanair.com/pl/pl/trip/flights/select?adults=1&teens=0&children=0&infants=0&dateOut=2026-09-30&dateIn=2026-10-01&isConnectedFlight=false&discount=0&promoCode=&isReturn=true&originIata=KTW&destinationIata=STN&tpAdults=1&tpTeens=0&tpChildren=0&tpInfants=0&tpStartDate=2026-09-30&tpEndDate=2026-10-01&tpDiscount=0&tpPromoCode=&tpOriginIata=KTW&tpDestinationIata=STN
KTW,Katowice,STN,London Stansted,2026-09-30,2026-10-02,1266.71,https://www.ryanair.com/pl/pl/trip/flights/select?adults=1&teens=0&children=0&infants=0&dateOut=2026-09-30&dateIn=2026-10-02&isConnectedFlight=false&discount=0&promoCode=&isReturn=true&originIata=KTW&destinationIata=STN&tpAdults=1&tpTeens=0&tpChildren=0&tpInfants=0&tpStartDate=2026-09-30&tpEndDate=2026-10-02&tpDiscount=0&tpPromoCode=&tpOriginIata=KTW&tpDestinationIata=STN
KTW,Katowice,STN,London Stansted,2026-09-30,2026-10-03,1129.23,https://www.ryanair.com/pl/pl/trip/flights/select?adults=1&teens=0&children=0&infants=0&dateOut=2026-09-30&dateIn=2026-10-03&isConnectedFlight=false&discount=0&promoCode=&isReturn=true&originIata=KTW&destinationIata=STN&tpAdults=1&tpTeens=0&tpChildren=0&tpInfants=0&tpStartDate=2026-09-30&tpEndDate=2026-10-03&tpDiscount=0&tpPromoCode=&tpOriginIata=KTW&tpDestinationIata=STN
KTW,Katowice,STN,London Stansted,2026-10-01,2026-10-02,729.61,https://www.ryanair.com/pl/pl/trip/flights/select?adults=1&teens=0&children=0&infants=0&dateOut=2026-10-01&dateIn=2026-10-02&isConnectedFlight=false&discount=0&promoCode=&isReturn=true&originIata=KTW&destinationIata=STN&tpAdults=1&tpTeens=0&tpChildren=0&tpInfants=0&tpStartDate=2026-10-01&tpEndDate=2026-10-02&tpDiscount=0&tpPromoCode=&tpOriginIata=KTW&tpDestinationIata=STN
KTW,Katowice,STN,London Stansted,2026-10-01,2026-10-03,592.13,https://www.ryanair.com/pl/pl/trip/flights/select?adults=1&teens=0&children=0&infants=0&dateOut=2026-10-01&dateIn=2026-10-03&isConnectedFlight=false&discount=0&promoCode=&isReturn=true&originIata=KTW&destinationIata=STN&tpAdults=1&tpTeens=0&tpChildren=0&tpInfants=0&tpStartDate=2026-10-01&tpEndDate=2026-10-03&tpDiscount=0&tpPromoCode=&tpOriginIata=KTW&tpDestinationIata=STN
KTW,Katowice,STN,London Stansted,2026-10-01,2026-10-04,567.13,https://www.ryanair.com/pl/pl/trip/flights/select?adults=1&teens=0&children=0&infants=0&dateOut=2026-10-01&dateIn=2026-10-04&isConnectedFlight=false&discount=0&promoCode=&isReturn=true&originIata=KTW&destinationIata=STN&tpAdults=1&tpTeens=0&tpChildren=0&tpInfants=0&tpStartDate=2026-10-01&tpEndDate=2026-10-04&tpDiscount=0&tpPromoCode=&tpOriginIata=KTW&tpDestinationIata=STN
KTW,Katowice,STN,London Stansted,2026-10-02,2026-10-03,666.36,https://www.ryanair.com/pl/pl/trip/flights/select?adults=1&teens=0&children=0&infants=0&dateOut=2026-10-02&dateIn=2026-10-03&isConnectedFlight=false&discount=0&promoCode=&isReturn=true&originIata=KTW&destinationIata=STN&tpAdults=1&tpTeens=0&tpChildren=0&tpInfants=0&tpStartDate=2026-10-02&tpEndDate=2026-10-03&tpDiscount=0&tpPromoCode=&tpOriginIata=KTW&tpDestinationIata=STN
KTW,Katowice,STN,London Stansted,2026-10-02,2026-10-04,641.36,https://www.ryanair.com/pl/pl/trip/flights/select?adults=1&teens=0&children=0&infants=0&dateOut=2026-10-02&dateIn=2026-10-04&isConnectedFlight=false&discount=0&promoCode=&isReturn=true&originIata=KTW&destinationIata=STN&tpAdults=1&tpTeens=0&tpChildren=0&tpInfants=0&tpStartDate=2026-10-02&tpEndDate=2026-10-04&tpDiscount=0&tpPromoCode=&tpOriginIata=KTW&tpDestinationIata=STN
KTW,Katowice,STN,London Stansted,2026-10-02,2026-10-05,484.23,https://www.ryanair.com/pl/pl/trip/flights/select?adults=1&teens=0&children=0&infants=0&dateOut=2026-10-02&dateIn=2026-10-05&isConnectedFlight=false&discount=0&promoCode=&isReturn=true&originIata=KTW&destinationIata=STN&tpAdults=1&tpTeens=0&tpChildren=0&tpInfants=0&tpStartDate=2026-10-02&tpEndDate=2026-10-05&tpDiscount=0&tpPromoCode=&tpOriginIata=KTW&tpDestinationIata=STN
KTW,Katowice,STN,London Stansted,2026-10-03,2026-10-04,1130.4299999999998,https://www.ryanair.com/pl/pl/trip/flights/select?adults=1&teens=0&children=0&infants=0&dateOut=2026-10-03&dateIn=2026-10-04&isConnectedFlight=false&discount=0&promoCode=&isReturn=true&originIata=KTW&destinationIata=STN&tpAdults=1&tpTeens=0&tpChildren=0&tpInfants=0&tpStartDate=2026-10-03&tpEndDate=2026-10-04&tpDiscount=0&tpPromoCode=&tpOriginIata=KTW&tpDestinationIata=STN
KTW,Katowice,STN,London Stansted,2026-10-03,2026-10-05,973.3,https://www.ryanair.com/pl/pl/trip/flights/select?adults=1&teens=0&children=0&infants=0&dateOut=2026-10-03&dateIn=2026-10-05&isConnectedFlight=false&discount=0&promoCode=&isReturn=true&originIata=KTW&destinationIata=STN&tpAdults=1&tpTeens=0&tpChildren=0&tpInfants=0&tpStartDate=2026-10-03&tpEndDate=2026-10-05&tpDiscount=0&tpPromoCode=&tpOriginIata=KTW&tpDestinationIata=STN
KTW,Katowice,STN,London Stansted,2026-10-03,2026-10-06,928.1199999999999,https://www.ryanair.com/pl/pl/trip/flights/select?adults=1&teens=0&children=0&infants=0&dateOut=2026-10-03&dateIn=2026-10-06&isConnectedFlight=false&discount=0&promoCode=&isReturn=true&originIata=KTW&destinationIata=STN&tpAdults=1&tpTeens=0&tpChildren=0&tpInfants=0&tpStartDate=2026-10-03&tpEndDate=2026-10-06&tpDiscount=0&tpPromoCode=&tpOriginIata=KTW&tpDestinationIata=STN
KTW,Katowice,STN,London Stansted,2026-10-04,2026-10-05,704.36,https://www.ryanair.com/pl/pl/trip/flights/select?adults=1&teens=0&children=0&infants=0&dateOut=2026-10-04&dateIn=2026-10-05&isConnectedFlight=false&discount=0&promoCode=&isReturn=true&originIata=KTW&destinationIata=STN&tpAdults=1&tpTeens=0&tpChildren=0&tpInfants=0&tpStartDate=2026-10-04&tpEndDate=2026-10-05&tpDiscount=0&tpPromoCode=&tpOriginIata=KTW&tpDestinationIata=STN
KTW,Katowice,STN,London Stansted,2026-10-04,2026-10-06,659.1800000000001,https://www.ryanair.com/pl/pl/trip/flights/select?adults=1&teens=0&children=0&infants=0&dateOut=2026-10-04&dateIn=2026-10-06&isConnectedFlight=false&discount=0&promoCode=&isReturn=true&originIata=KTW&destinationIata=STN&tpAdults=1&tpTeens=0&tpChildren=0&tpInfants=0&tpStartDate=2026-10-04&tpEndDate=2026-10-06&tpDiscount=0&tpPromoCode=&tpOriginIata=KTW&tpDestinationIata=STN
KTW,Katowice,STN,London Stansted,2026-10-04,2026-10-07,739.89,https://www.ryanair.com/pl/pl/trip/flights/select?adults=1&teens=0&children=0&infants=0&dateOut=2026-10-04&dateIn=2026-10-07&isConnectedFlight=false&discount=0&promoCode=&isReturn=true&originIata=KTW&destinationIata=STN&tpAdults=1&tpTeens=0&tpChildren=0&tpInfants=0&tpStartDate=2026-10-04&tpEndDate=2026-10-07&tpDiscount=0&tpPromoCode=&tpOriginIata=KTW&tpDestinationIata=STN
KTW,Katowice,STN,London Stansted,2026-10-05,2026-10-06,425.95,https://www.ryanair.com/pl/pl/trip/flights/select?adults=1&teens=0&children=0&infants=0&dateOut=2026-10-05&dateIn=2026-10-06&isConnectedFlight=false&discount=0&promoCode=&isReturn=true&originIata=KTW&destinationIata=STN&tpAdults=1&tpTeens=0&tpChildren=0&tpInfants=0&tpStartDate=2026-10-05&tpEndDate=2026-10-06&tpDiscount=0&tpPromoCode=&tpOriginIata=KTW&tpDestinationIata=STN
KTW,Katowice,STN,London Stansted,2026-10-05,2026-10-07,506.65999999999997,https://www.ryanair.com/pl/pl/trip/flights/select?adults=1&teens=0&children=0&infants=0&dateOut=2026-10-05&dateIn=2026-10-07&isConnectedFlight=false&discount=0&promoCode=&isReturn=true&originIata=KTW&destinationIata=STN&tpAdults=1&tpTeens=0&tpChildren=0&tpInfants=0&tpStartDate=2026-10-05&tpEndDate=2026-10-07&tpDiscount=0&tpPromoCode=&tpOriginIata=KTW&tpDestinationIata=STN
KTW,Katowice,STN,London Stansted,2026-10-05,2026-10-08,571.79,https://www.ryanair.com/pl/pl/trip/flights/select?adults=1&teens=0&children=0&infants=0&dateOut=2026-10-05&dateIn=2026-10-08&isConnectedFlight=false&discount=0&promoCode=&isReturn=true&originIata=KTW&destinationIata=STN&tpAdults=1&tpTeens=0&tpChildren=0&tpInfants=0&tpStartDate=2026-10-05&tpEndDate=2026-10-08&tpDiscount=0&tpPromoCode=&tpOriginIata=KTW&tpDestinationIata=STN
KTW,Katowice,STN,London Stansted,2026-10-06,2026-10-07,330.55,https://www.ryanair.com/pl/pl/trip/flights/select?adults=1&teens=0&children=0&infants=0&dateOut=2026-10-06&dateIn=2026-10-07&isConnectedFlight=false&discount=0&promoCode=&isReturn=true&originIata=KTW&destinationIata=STN&tpAdults=1&tpTeens=0&tpChildren=0&tpInfants=0&tpStartDate=2026-10-06&tpEndDate=2026-10-07&tpDiscount=0&tpPromoCode=&tpOriginIata=KTW&tpDestinationIata=STN
KTW,Katowice,STN,London Stansted,2026-10-06,2026-10-08,395.67999999999995,https://www.ryanair.com/pl/pl/trip/flights/select?adults=1&teens=0&children=0&infants=0&dateOut=2026-10-06&dateIn=2026-10-08&isConnectedFlight=false&discount=0&promoCode=&isReturn=true&originIata=KTW&destinationIata=STN&tpAdults=1&tpTeens=0&tpChildren=0&tpInfants=0&tpStartDate=2026-10-06&tpEndDate=2026-10-08&tpDiscount=0&tpPromoCode=&tpOriginIata=KTW&tpDestinationIata=STN
POZ,Poznań,AGP,Malaga,2026-11-12,2026-11-15,1028.45,https://www.ryanair.com/pl/pl/trip/flights/select?adults=1&teens=0&children=0&infants=0&dateOut=2026-11-12&dateIn=2026-11-15&isConnectedFlight=false&discount=0&promoCode=&isReturn=true&originIata=POZ&destinationIata=AGP&tpAdults=1&tpTeens=0&tpChildren=0&tpInfants=0&tpStartDate=2026-11-12&tpEndDate=2026-11-15&tpDiscount=0&tpPromoCode=&tpOriginIata=POZ&tpDestinationIata=AGP
KTW,Katowice,STN,London Stansted,2026-10-06,2026-10-09,522.98,https://www.ryanair.com/pl/pl/trip/flights/select?adults=1&teens=0&children=0&infants=0&dateOut=2026-10-06&dateIn=2026-10-09&isConnectedFlight=false&discount=0&promoCode=&isReturn=true&originIata=KTW&destinationIata=STN&tpAdults=1&tpTeens=0&tpChildren=0&tpInfants=0&tpStartDate=2026-10-06&tpEndDate=2026-10-09&tpDiscount=0&tpPromoCode=&tpOriginIata=KTW&tpDestinationIata=STN
KTW,Katowice,STN,London Stansted,2026-10-07,2026-10-08,392.76,https://www.ryanair.com/pl/pl/trip/flights/select?adults=1&teens=0&children=0&infants=0&dateOut=2026-10-07&dateIn=2026-10-08&isConnectedFlight=false&discount=0&promoCode=&isReturn=true&originIata=KTW&destinationIata=STN&tpAdults=1&tpTeens=0&tpChildren=0&tpInfants=0&tpStartDate=2026-10-07&tpEndDate=2026-10-08&tpDiscount=0&tpPromoCode=&tpOriginIata=KTW&tpDestinationIata=STN
KTW,Katowice,STN,London Stansted,2026-10-07,2026-10-09,520.06,https://www.ryanair.com/pl/pl/trip/flights/select?adults=1&teens=0&children=0&infants=0&dateOut=2026-10-07&dateIn=2026-10-09&isConnectedFlight=false&discount=0&promoCode=&isReturn=true&originIata=KTW&destinationIata=STN&tpAdults=1&tpTeens=0&tpChildren=0&tpInfants=0&tpStartDate=2026-10-07&tpEndDate=2026-10-09&tpDiscount=0&tpPromoCode=&tpOriginIata=KTW&tpDestinationIata=STN
KTW,Katowice,STN,London Stansted,2026-10-07,2026-10-10,321.59,https://www.ryanair.com/pl/pl/trip/flights/select?adults=1&teens=0&children=0&infants=0&dateOut=2026-10-07&dateIn=2026-10-10&isConnectedFlight=false&discount=0&promoCode=&isReturn=true&originIata=KTW&destinationIata=STN&tpAdults=1&tpTeens=0&tpChildren=0&tpInfants=0&tpStartDate=2026-10-07&tpEndDate=2026-10-10&tpDiscount=0&tpPromoCode=&tpOriginIata=KTW&tpDestinationIata=STN
KTW,Katowice,STN,London Stansted,2026-10-08,2026-10-09,502.59,https://www.ryanair.com/pl/pl/trip/flights/select?adults=1&teens=0&children=0&infants=0&dateOut=2026-10-08&dateIn=2026-10-09&isConnectedFlight=false&discount=0&promoCode=&isReturn=true&originIata=KTW&destinationIata=STN&tpAdults=1&tpTeens=0&tpChildren=0&tpInfants=0&tpStartDate=2026-10-08&tpEndDate=2026-10-09&tpDiscount=0&tpPromoCode=&tpOriginIata=KTW&tpDestinationIata=STN
KTW,Katowice,STN,London Stansted,2026-10-08,2026-10-10,304.12,https://www.ryanair.com/pl/pl/trip/flights/select?adults=1&teens=0&children=0&infants=0&dateOut=2026-10-08&dateIn=2026-10-10&isConnectedFlight=false&discount=0&promoCode=&isReturn=true&originIata=KTW&destinationIata=STN&tpAdults=1&tpTeens=0&tpChildren=0&tpInfants=0&tpStartDate=2026-10-08&tpEndDate=2026-10-10&tpDiscount=0&tpPromoCode=&tpOriginIata=KTW&tpDestinationIata=STN
KTW,Katowice,STN,London Stansted,2026-10-08,2026-10-11,354.93,https://www.ryanair.com/pl/pl/trip/flights/select?adults=1&teens=0&children=0&infants=0&dateOut=2026-10-08&dateIn=2026-10-11&isConnectedFlight=false&discount=0&promoCode=&isReturn=true&originIata=KTW&destinationIata=STN&tpAdults=1&tpTeens=0&tpChildren=0&tpInfants=0&tpStartDate=2026-10-08&tpEndDate=2026-10-11&tpDiscount=0&tpPromoCode=&tpOriginIata=KTW&tpDestinationIata=STN
KTW,Katowice,STN,London Stansted,2026-10-09,2026-10-10,378.35,https://www.ryanair.com/pl/pl/trip/flights/select?adults=1&teens=0&children=0&infants=0&dateOut=2026-10-09&dateIn=2026-10-10&isConnectedFlight=false&discount=0&promoCode=&isReturn=true&originIata=KTW&destinationIata=STN&tpAdults=1&tpTeens=0&tpChildren=0&tpInfants=0&tpStartDate=2026-10-09&tpEndDate=2026-10-10&tpDiscount=0&tpPromoCode=&tpOriginIata=KTW&tpDestinationIata=STN
KTW,Katowice,STN,London Stansted,2026-10-09,2026-10-11,429.15999999999997,https://www.ryanair.com/pl/pl/trip/flights/select?adults=1&teens=0&children=0&infants=0&dateOut=2026-10-09&dateIn=2026-10-11&isConnectedFlight=false&discount=0&promoCode=&isReturn=true&originIata=KTW&destinationIata=STN&tpAdults=1&tpTeens=0&tpChildren=0&tpInfants=0&tpStartDate=2026-10-09&tpEndDate=2026-10-11&tpDiscount=0&tpPromoCode=&tpOriginIata=KTW&tpDestinationIata=STN
KTW,Katowice,STN,London Stansted,2026-10-09,2026-10-12,323.1,https://www.ryanair.com/pl/pl/trip/flights/select?adults=1&teens=0&children=0&infants=0&dateOut=2026-10-09&dateIn=2026-10-12&isConnectedFlight=false&discount=0&promoCode=&isReturn=true&originIata=KTW&destinationIata=STN&tpAdults=1&tpTeens=0&tpChildren=0&tpInfants=0&tpStartDate=2026-10-09&tpEndDate=2026-10-12&tpDiscount=0&tpPromoCode=&tpOriginIata=KTW&tpDestinationIata=STN
KTW,Katowice,STN,London Stansted,2026-10-10,2026-10-11,512.13,https://www.ryanair.com/pl/pl/trip/flights/select?adults=1&teens=0&children=0&infants=0&dateOut=2026-10-10&dateIn=2026-10-11&isConnectedFlight=false&discount=0&promoCode=&isReturn=true&originIata=KTW&destinationIata=STN&tpAdults=1&tpTeens=0&tpChildren=0&tpInfants=0&tpStartDate=2026-10-10&tpEndDate=2026-10-11&tpDiscount=0&tpPromoCode=&tpOriginIata=KTW&tpDestinationIata=STN
KTW,Katowice,STN,London Stansted,2026-10-10,2026-10-12,406.06999999999994,https://www.ryanair.com/pl/pl/trip/flights/select?adults=1&teens=0&children=0&infants=0&dateOut=2026-10-10&dateIn=2026-10-12&isConnectedFlight=false&discount=0&promoCode=&isReturn=true&originIata=KTW&destinationIata=STN&tpAdults=1&tpTeens=0&tpChildren=0&tpInfants=0&tpStartDate=2026-10-10&tpEndDate=2026-10-12&tpDiscount=0&tpPromoCode=&tpOriginIata=KTW&tpDestinationIata=STN
KTW,Katowice,STN,London Stansted,2026-10-10,2026-10-13,374.65,https://www.ryanair.com/pl/pl/trip/flights/select?adults=1&teens=0&children=0&infants=0&dateOut=2026-10-10&dateIn=2026-10-13&isConnectedFlight=false&discount=0&promoCode=&isReturn=true&originIata=KTW&destinationIata=STN&tpAdults=1&tpTeens=0&tpChildren=0&tpInfants=0&tpStartDate=2026-10-10&tpEndDate=2026-10-13&tpDiscount=0&tpPromoCode=&tpOriginIata=KTW&tpDestinationIata=STN
KTW,Katowice,STN,London Stansted,2026-10-11,2026-10-12,423.53999999999996,https://www.ryanair.com/pl/pl/trip/flights/select?adults=1&teens=0&children=0&infants=0&dateOut=2026-10-11&dateIn=2026-10-12&isConnectedFlight=false&discount=0&promoCode=&isReturn=true&originIata=KTW&destinationIata=STN&tpAdults=1&tpTeens=0&tpChildren=0&tpInfants=0&tpStartDate=2026-10-11&tpEndDate=2026-10-12&tpDiscount=0&tpPromoCode=&tpOriginIata=KTW&tpDestinationIata=STN
KTW,Katowice,STN,London Stansted,2026-10-11,2026-10-13,392.12,https://www.ryanair.com/pl/pl/trip/flights/select?adults=1&teens=0&children=0&infants=0&dateOut=2026-10-11&dateIn=2026-10-13&isConnectedFlight=false&discount=0&promoCode=&isReturn=true&originIata=KTW&destinationIata=STN&tpAdults=1&tpTeens=0&tpChildren=0&tpInfants=0&tpStartDate=2026-10-11&tpEndDate=2026-10-13&tpDiscount=0&tpPromoCode=&tpOriginIata=KTW&tpDestinationIata=STN
KTW,Katowice,STN,London Stansted,2026-10-11,2026-10-14,478.68,https://www.ryanair.com/pl/pl/trip/flights/select?adults=1&teens=0&children=0&infants=0&dateOut=2026-10-11&dateIn=2026-10-14&isConnectedFlight=false&discount=0&promoCode=&isReturn=true&originIata=KTW&destinationIata=STN&tpAdults=1&tpTeens=0&tpChildren=0&tpInfants=0&tpStartDate=2026-10-11&tpEndDate=2026-10-14&tpDiscount=0&tpPromoCode=&tpOriginIata=KTW&tpDestinationIata=STN
KTW,Katowice,STN,London Stansted,2026-10-12,2026-10-13,374.65,https://www.ryanair.com/pl/pl/trip/flights/select?adults=1&teens=0&children=0&infants=0&dateOut=2026-10-12&dateIn=2026-10-13&isConnectedFlight=false&discount=0&promoCode=&isReturn=true&originIata=KTW&destinationIata=STN&tpAdults=1&tpTeens=0&tpChildren=0&tpInfants=0&tpStartDate=2026-10-12&tpEndDate=2026-10-13&tpDiscount=0&tpPromoCode=&tpOriginIata=KTW&tpDestinationIata=STN
KTW,Katowice,STN,London Stansted,2026-10-12,2026-10-14,461.21,https://www.ryanair.com/pl/pl/trip/flights/select?adults=1&teens=0&children=0&infants=0&dateOut=2026-10-12&dateIn=2026-10-14&isConnectedFlight=false&discount=0&promoCode=&isReturn=true&originIata=KTW&destinationIata=STN&tpAdults=1&tpTeens=0&tpChildren=0&tpInfants=0&tpStartDate=2026-10-12&tpEndDate=2026-10-14&tpDiscount=0&tpPromoCode=&tpOriginIata=KTW&tpDestinationIata=STN
KTW,Katowice,STN,London Stansted,2026-10-12,2026-10-15,456.96,https://www.ryanair.com/pl/pl/trip/flights/select?adults=1&teens=0&children=0&infants=0&dateOut=2026-10-12&dateIn=2026-10-15&isConnectedFlight=false&discount=0&promoCode=&isReturn=true&originIata=KTW&destinationIata=STN&tpAdults=1&tpTeens=0&tpChildren=0&tpInfants=0&tpStartDate=2026-10-12&tpEndDate=2026-10-15&tpDiscount=0&tpPromoCode=&tpOriginIata=KTW&tpDestinationIata=STN
KTW,Katowice,STN,London Stansted,2026-10-13,2026-10-14,293.14,https://www.ryanair.com/pl/pl/trip/flights/select?adults=1&teens=0&children=0&infants=0&dateOut=2026-10-13&dateIn=2026-10-14&isConnectedFlight=false&discount=0&promoCode=&isReturn=true&originIata=KTW&destinationIata=STN&tpAdults=1&tpTeens=0&tpChildren=0&tpInfants=0&tpStartDate=2026-10-13&tpEndDate=2026-10-14&tpDiscount=0&tpPromoCode=&tpOriginIata=KTW&tpDestinationIata=STN
KTW,Katowice,STN,London Stansted,2026-10-13,2026-10-15,288.89,https://www.ryanair.com/pl/pl/trip/flights/select?adults=1&teens=0&children=0&infants=0&dateOut=2026-10-13&dateIn=2026-10-15&isConnectedFlight=false&discount=0&promoCode=&isReturn=true&originIata=KTW&destinationIata=STN&tpAdults=1&tpTeens=0&tpChildren=0&tpInfants=0&tpStartDate=2026-10-13&tpEndDate=2026-10-15&tpDiscount=0&tpPromoCode=&tpOriginIata=KTW&tpDestinationIata=STN
KTW,Katowice,STN,London Stansted,2026-10-13,2026-10-16,542.64,https://www.ryanair.com/pl/pl/trip/flights/select?adults=1&teens=0&children=0&infants=0&dateOut=2026-10-13&dateIn=2026-10-16&isConnectedFlight=false&discount=0&promoCode=&isReturn=true&originIata=KTW&destinationIata=STN&tpAdults=1&tpTeens=0&tpChildren=0&tpInfants=0&tpStartDate=2026-10-13&tpEndDate=2026-10-16&tpDiscount=0&tpPromoCode=&tpOriginIata=KTW&tpDestinationIata=STN
KTW,Katowice,STN,London Stansted,2026-10-14,2026-10-15,334.69,https://www.ryanair.com/pl/pl/trip/flights/select?adults=1&teens=0&children=0&infants=0&dateOut=2026-10-14&dateIn=2026-10-15&isConnectedFlight=false&discount=0&promoCode=&isReturn=true&originIata=KTW&destinationIata=STN&tpAdults=1&tpTeens=0&tpChildren=0&tpInfants=0&tpStartDate=2026-10-14&tpEndDate=2026-10-15&tpDiscount=0&tpPromoCode=&tpOriginIata=KTW&tpDestinationIata=STN
KTW,Katowice,STN,London Stansted,2026-10-14,2026-10-16,588.44,https://www.ryanair.com/pl/pl/trip/flights/select?adults=1&teens=0&children=0&infants=0&dateOut=2026-10-14&dateIn=2026-10-16&isConnectedFlight=false&discount=0&promoCode=&isReturn=true&originIata=KTW&destinationIata=STN&tpAdults=1&tpTeens=0&tpChildren=0&tpInfants=0&tpStartDate=2026-10-14&tpEndDate=2026-10-16&tpDiscount=0&tpPromoCode=&tpOriginIata=KTW&tpDestinationIata=STN
POZ,Poznań,AGP,Malaga,2026-11-13,2026-11-14,1355.28,https://www.ryanair.com/pl/pl/trip/flights/select?adults=1&teens=0&children=0&infants=0&dateOut=2026-11-13&dateIn=2026-11-14&isConnectedFlight=false&discount=0&promoCode=&isReturn=true&originIata=POZ&destinationIata=AGP&tpAdults=1&tpTeens=0&tpChildren=0&tpInfants=0&tpStartDate=2026-11-13&tpEndDate=2026-11-14&tpDiscount=0&tpPromoCode=&tpOriginIata=POZ&tpDestinationIata=AGP
KTW,Katowice,STN,London Stansted,2026-10-14,2026-10-17,496.78,https://www.ryanair.com/pl/pl/trip/flights/select?adults=1&teens=0&children=0&infants=0&dateOut=2026-10-14&dateIn=2026-10-17&isConnectedFlight=false&discount=0&promoCode=&isReturn=true&originIata=KTW&destinationIata=STN&tpAdults=1&tpTeens=0&tpChildren=0&tpInfants=0&tpStartDate=2026-10-14&tpEndDate=2026-10-17&tpDiscount=0&tpPromoCode=&tpOriginIata=KTW&tpDestinationIata=STN
KTW,Katowice,STN,London Stansted,2026-10-15,2026-10-16,557.88,https://www.ryanair.com/pl/pl/trip/flights/select?adults=1&teens=0&children=0&infants=0&dateOut=2026-10-15&dateIn=2026-10-16&isConnectedFlight=false&discount=0&promoCode=&isReturn=true&originIata=KTW&destinationIata=STN&tpAdults=1&tpTeens=0&tpChildren=0&tpInfants=0&tpStartDate=2026-10-15&tpEndDate=2026-10-16&tpDiscount=0&tpPromoCode=&tpOriginIata=KTW&tpDestinationIata=STN
KTW,Katowice,STN,London Stansted,2026-10-15,2026-10-17,466.21999999999997,https://www.ryanair.com/pl/pl/trip/flights/select?adults=1&teens=0&children=0&infants=0&dateOut=2026-10-15&dateIn=2026-10-17&isConnectedFlight=false&discount=0&promoCode=&isReturn=true&originIata=KTW&destinationIata=STN&tpAdults=1&tpTeens=0&tpChildren=0&tpInfants=0&tpStartDate=2026-10-15&tpEndDate=2026-10-17&tpDiscount=0&tpPromoCode=&tpOriginIata=KTW&tpDestinationIata=STN
KTW,Katowice,STN,London Stansted,2026-10-15,2026-10-18,331.22,https://www.ryanair.com/pl/pl/trip/flights/select?adults=1&teens=0&children=0&infants=0&dateOut=2026-10-15&dateIn=2026-10-18&isConnectedFlight=false&discount=0&promoCode=&isReturn=true&originIata=KTW&destinationIata=STN&tpAdults=1&tpTeens=0&tpChildren=0&tpInfants=0&tpStartDate=2026-10-15&tpEndDate=2026-10-18&tpDiscount=0&tpPromoCode=&tpOriginIata=KTW&tpDestinationIata=STN
KTW,Katowice,STN,London Stansted,2026-10-16,2026-10-17,492.41999999999996,https://www.ryanair.com/pl/pl/trip/flights/select?adults=1&teens=0&children=0&infants=0&dateOut=2026-10-16&dateIn=2026-10-17&isConnectedFlight=false&discount=0&promoCode=&isReturn=true&originIata=KTW&destinationIata=STN&tpAdults=1&tpTeens=0&tpChildren=0&tpInfants=0&tpStartDate=2026-10-16&tpEndDate=2026-10-17&tpDiscount=0&tpPromoCode=&tpOriginIata=KTW&tpDestinationIata=STN
KTW,Katowice,STN,London Stansted,2026-10-16,2026-10-18,357.42,https://www.ryanair.com/pl/pl/trip/flights/select?adults=1&teens=0&children=0&infants=0&dateOut=2026-10-16&dateIn=2026-10-18&isConnectedFlight=false&discount=0&promoCode=&isReturn=true&originIata=KTW&destinationIata=STN&tpAdults=1&tpTeens=0&tpChildren=0&tpInfants=0&tpStartDate=2026-10-16&tpEndDate=2026-10-18&tpDiscount=0&tpPromoCode=&tpOriginIata=KTW&tpDestinationIata=STN
KTW,Katowice,STN,London Stansted,2026-10-16,2026-10-19,416.04999999999995,https://www.ryanair.com/pl/pl/trip/flights/select?adults=1&teens=0&children=0&infants=0&dateOut=2026-10-16&dateIn=2026-10-19&isConnectedFlight=false&discount=0&promoCode=&isReturn=true&originIata=KTW&destinationIata=STN&tpAdults=1&tpTeens=0&tpChildren=0&tpInfants=0&tpStartDate=2026-10-16&tpEndDate=2026-10-19&tpDiscount=0&tpPromoCode=&tpOriginIata=KTW&tpDestinationIata=STN
KTW,Katowice,STN,London Stansted,2026-10-17,2026-10-18,401.08000000000004,https://www.ryanair.com/pl/pl/trip/flights/select?adults=1&teens=0&children=0&infants=0&dateOut=2026-10-17&dateIn=2026-10-18&isConnectedFlight=false&discount=0&promoCode=&isReturn=true&originIata=KTW&destinationIata=STN&tpAdults=1&tpTeens=0&tpChildren=0&tpInfants=0&tpStartDate=2026-10-17&tpEndDate=2026-10-18&tpDiscount=0&tpPromoCode=&tpOriginIata=KTW&tpDestinationIata=STN
KTW,Katowice,STN,London Stansted,2026-10-17,2026-10-19,459.71,https://www.ryanair.com/pl/pl/trip/flights/select?adults=1&teens=0&children=0&infants=0&dateOut=2026-10-17&dateIn=2026-10-19&isConnectedFlight=false&discount=0&promoCode=&isReturn=true&originIata=KTW&destinationIata=STN&tpAdults=1&tpTeens=0&tpChildren=0&tpInfants=0&tpStartDate=2026-10-17&tpEndDate=2026-10-19&tpDiscount=0&tpPromoCode=&tpOriginIata=KTW&tpDestinationIata=STN
KTW,Katowice,STN,London Stansted,2026-10-17,2026-10-20,332.40999999999997,https://www.ryanair.com/pl/pl/trip/flights/select?adults=1&teens=0&children=0&infants=0&dateOut=2026-10-17&dateIn=2026-10-20&isConnectedFlight=false&discount=0&promoCode=&isReturn=true&originIata=KTW&destinationIata=STN&tpAdults=1&tpTeens=0&tpChildren=0&tpInfants=0&tpStartDate=2026-10-17&tpEndDate=2026-10-20&tpDiscount=0&tpPromoCode=&tpOriginIata=KTW&tpDestinationIata=STN
KTW,Katowice,STN,London Stansted,2026-10-18,2026-10-19,407.75,https://www.ryanair.com/pl/pl/trip/flights/select?adults=1&teens=0&children=0&infants=0&dateOut=2026-10-18&dateIn=2026-10-19&isConnectedFlight=false&discount=0&promoCode=&isReturn=true&originIata=KTW&destinationIata=STN&tpAdults=1&tpTeens=0&tpChildren=0&tpInfants=0&tpStartDate=2026-10-18&tpEndDate=2026-10-19&tpDiscount=0&tpPromoCode=&tpOriginIata=KTW&tpDestinationIata=STN
KTW,Katowice,STN,London Stansted,2026-10-18,2026-10-20,280.45,https://www.ryanair.com/pl/pl/trip/flights/select?adults=1&teens=0&children=0&infants=0&dateOut=2026-10-18&dateIn=2026-10-20&isConnectedFlight=false&discount=0&promoCode=&isReturn=true&originIata=KTW&destinationIata=STN&tpAdults=1&tpTeens=0&tpChildren=0&tpInfants=0&tpStartDate=2026-10-18&tpEndDate=2026-10-20&tpDiscount=0&tpPromoCode=&tpOriginIata=KTW&tpDestinationIata=STN
KTW,Katowice,STN,London Stansted,2026-10-18,2026-10-21,417.92999999999995,https://www.ryanair.com/pl/pl/trip/flights/select?adults=1&teens=0&children=0&infants=0&dateOut=2026-10-18&dateIn=2026-10-21&isConnectedFlight=false&discount=0&promoCode=&isReturn=true&originIata=KTW&destinationIata=STN&tpAdults=1&tpTeens=0&tpChildren=0&tpInfants=0&tpStartDate=2026-10-18&tpEndDate=2026-10-21&tpDiscount=0&tpPromoCode=&tpOriginIata=KTW&tpDestinationIata=STN
KTW,Katowice,STN,London Stansted,2026-10-19,2026-10-20,296.28,https://www.ryanair.com/pl/pl/trip/flights/select?adults=1&teens=0&children=0&infants=0&dateOut=2026-10-19&dateIn=2026-10-20&isConnectedFlight=false&discount=0&promoCode=&isReturn=true&originIata=KTW&destinationIata=STN&tpAdults=1&tpTeens=0&tpChildren=0&tpInfants=0&tpStartDate=2026-10-19&tpEndDate=2026-10-20&tpDiscount=0&tpPromoCode=&tpOriginIata=KTW&tpDestinationIata=STN
KTW,Katowice,STN,London Stansted,2026-10-19,2026-10-21,433.76,https://www.ryanair.com/pl/pl/trip/flights/select?adults=1&teens=0&children=0&infants=0&dateOut=2026-10-19&dateIn=2026-10-21&isConnectedFlight=false&discount=0&promoCode=&isReturn=true&originIata=KTW&destinationIata=STN&tpAdults=1&tpTeens=0&tpChildren=0&tpInfants=0&tpStartDate=2026-10-19&tpEndDate=2026-10-21&tpDiscount=0&tpPromoCode=&tpOriginIata=KTW&tpDestinationIata=STN
KTW,Katowice,STN,London Stansted,2026-10-19,2026-10-22,484.68,https://www.ryanair.com/pl/pl/trip/flights/select?adults=1&teens=0&children=0&infants=0&dateOut=2026-10-19&dateIn=2026-10-22&isConnectedFlight=false&discount=0&promoCode=&isReturn=true&originIata=KTW&destinationIata=STN&tpAdults=1&tpTeens=0&tpChildren=0&tpInfants=0&tpStartDate=2026-10-19&tpEndDate=2026-10-22&tpDiscount=0&tpPromoCode=&tpOriginIata=KTW&tpDestinationIata=STN
KTW,Katowice,STN,London Stansted,2026-10-20,2026-10-21,360.27,https://www.ryanair.com/pl/pl/trip/flights/select?adults=1&teens=0&children=0&infants=0&dateOut=2026-10-20&dateIn=2026-10-21&isConnectedFlight=false&discount=0&promoCode=&isReturn=true&originIata=KTW&destinationIata=STN&tpAdults=1&tpTeens=0&tpChildren=0&tpInfants=0&tpStartDate=2026-10-20&tpEndDate=2026-10-21&tpDiscount=0&tpPromoCode=&tpOriginIata=KTW&tpDestinationIata=STN
